{
  "hash": "d1e0ffad",
  "configHash": "111ceb0c",
  "lockfileHash": "b0771f08",
  "browserHash": "bf736741",
  "optimized": {
    "vue": {
      "src": "../../../../node_modules/.pnpm/registry.npmmirror.com+vue@3.4.23/node_modules/vue/dist/vue.runtime.esm-bundler.js",
      "file": "vue.js",
      "fileHash": "16a5b2ae",
      "needsInterop": false
    },
    "vitepress > @vue/devtools-api": {
      "src": "../../../../node_modules/.pnpm/registry.npmmirror.com+@vue+devtools-api@7.0.27_vue@3.4.23/node_modules/@vue/devtools-api/dist/index.js",
      "file": "vitepress___@vue_devtools-api.js",
      "fileHash": "23dfd42a",
      "needsInterop": false
    },
    "vitepress > @vueuse/core": {
      "src": "../../../../node_modules/.pnpm/registry.npmmirror.com+@vueuse+core@10.9.0_vue@3.4.23/node_modules/@vueuse/core/index.mjs",
      "file": "vitepress___@vueuse_core.js",
      "fileHash": "f578d394",
      "needsInterop": false
    },
    "vitepress > @vueuse/integrations/useFocusTrap": {
      "src": "../../../../node_modules/.pnpm/registry.npmmirror.com+@vueuse+integrations@10.9.0_go2sdgjfxncm7lnr7bdwu6hida/node_modules/@vueuse/integrations/useFocusTrap.mjs",
      "file": "vitepress___@vueuse_integrations_useFocusTrap.js",
      "fileHash": "d5e5abce",
      "needsInterop": false
    },
    "vitepress > mark.js/src/vanilla.js": {
      "src": "../../../../node_modules/.pnpm/registry.npmmirror.com+mark.js@8.11.1/node_modules/mark.js/src/vanilla.js",
      "file": "vitepress___mark__js_src_vanilla__js.js",
      "fileHash": "83b5e190",
      "needsInterop": false
    },
    "vitepress > minisearch": {
      "src": "../../../../node_modules/.pnpm/registry.npmmirror.com+minisearch@6.3.0/node_modules/minisearch/dist/es/index.js",
      "file": "vitepress___minisearch.js",
      "fileHash": "ce26be6b",
      "needsInterop": false
    },
    "pinia": {
      "src": "../../../../node_modules/.pnpm/registry.npmmirror.com+pinia@2.1.7_vue@3.4.23/node_modules/pinia/dist/pinia.mjs",
      "file": "pinia.js",
      "fileHash": "ac1cd3de",
      "needsInterop": false
    }
  },
  "chunks": {
    "chunk-GZ3YNS64": {
      "file": "chunk-GZ3YNS64.js"
    },
    "chunk-KDD6RRJV": {
      "file": "chunk-KDD6RRJV.js"
    },
    "chunk-IRCPIK7F": {
      "file": "chunk-IRCPIK7F.js"
    }
  }
}